,cluster 0: profiles,cluster 0: kw,cluster 0: count
0,justinsuntron,co,149
1,BNBCHAIN,RT,37
2,ethereum,BNB,22
3,0xPolygonLabs,Mantle,19
4,PancakeSwap,time,17
5,1inch,Chain,17
6,Galxe,Join,16
7,Reddit,projects,16
8,gabrielleydon,new,15
9,LineaBuild,Galxe,15
10,Pentosh1,ecosystem,14
11,wsbmod,week,14
12,fusionistio,chain,14
13,Scroll_ZKP,Web3,13
14,igorlenterman,Polygon,13
15,0xMantle,NFT,13
16,,us,12
17,,support,11
18,,today,11
19,,web3,11
20,,rewards,10
21,,Jan,10
22,,community,9
23,,one,9
24,,share,9
25,,next,9
26,,PancakeSwap,9
27,,Check,9
28,,Ecosystem,9
29,,crypto,9
30,,live,9
31,,amp,9
32,,first,8
33,,AI,8
34,,world,8
35,,opBNB,8
36,,1inch,8
37,,OnLinea,8
38,,see,7
39,,Ethereum,7
40,,Let,7
41,,last,7
42,,days,7
43,,win,7
44,,building,7
45,,DeFi,7
46,,back,7
47,,part,7
48,,team,7
49,,receive,7
50,,USDT,6
51,,funds,6
52,,blockchain,6
53,,DePIN,6
54,,change,6
55,,excited,6
56,,New,6
57,,Year,6
58,,free,6
59,,weekend,6
60,,add,6
61,,Dive,6
62,,designed,6
63,,limitbreak,6
64,,even,6
65,,Scroll_ZKP,6
66,,sticker,6
67,,FreeNFT,6
68,,welcome,5
69,,form,5
70,,development,5
71,,think,5
72,,know,5
73,,future,5
74,,year,5
75,,journey,5
76,,data,5
77,,tasks,5
78,,past,5
79,,Learn,5
80,,UTC,5
81,,high,5
82,,update,5
83,,tokenization,5
84,,Discord,5
85,,friends,5
86,,L2,5
87,,GUI,5
88,,across,5
89,,wallet,5
90,,amazing,5
91,,PermitC,5
92,,Linea,5
93,,event,5
94,,people,5
95,,say,5
96,,mETH,5
97,,mUSD,5
98,,TRON,4
99,,huge,4
100,,Thank,4
101,,technology,4
102,,build,4
103,,builders,4
104,,find,4
105,,Support,4
106,,Read,4
107,,powerful,4
108,,Earn,4
109,,link,4
110,,chat,4
111,,project,4
112,,way,4
113,,points,4
114,,happened,4
115,,latest,4
116,,updates,4
117,,Welcome,4
118,,order,4
119,,via,4
120,,security,4
121,,brand,4
122,,Challenge,4
123,,continues,4
124,,favorite,4
125,,phase,4
126,,growth,4
127,,developers,4
128,,two,4
129,,collaboration,4
130,,mint,4
131,,NFTs,4
132,,gaming,4
133,,BlackRock,4
134,,range,4
135,,elevate,4
136,,APT,4
137,,volume,4
138,,tokens,4
139,,CAKE,4
140,,token,4
141,,great,4
142,,good,4
143,,together,4
144,,Week,4
145,,Z,4
146,,Monday,4
147,,coming,4
148,,going,4
149,,Voyage,4
150,,lot,4
151,,Bitcoin,4
152,,Scroll,4
153,,Moonshot,4
154,,trait,4
155,,USDY,4
156,,EcoFund,4
157,,billion,3
158,,soon,3
159,,services,3
160,,sqTQec4uv5,3
161,,SAFU,3
162,,HTX_DAO,3
163,,within,3
164,,minutes,3
165,,important,3
166,,Tron,3
167,,Huawei,3
168,,joining,3
169,,Big,3
170,,long,3
171,,Key,3
172,,check,3
173,,strongest,3
174,,boost,3
175,,destination,3
176,,total,3
177,,unique,3
178,,wallets,3
179,,exciting,3
180,,deadline,3
181,,held,3
182,,thrilled,3
183,,use,3
184,,always,3
185,,Celebration,3
186,,infrastructure,3
187,,plays,3
188,,opportunity,3
189,,earn,3
190,,potential,3
191,,Share,3
192,,working,3
193,,make,3
194,,news,3
195,,Keep,3
196,,Q1,3
197,,Day,3
198,,Panel,3
199,,Decentralized,3
200,,Program,3
201,,learn,3
202,,skills,3
203,,far,3
204,,take,3
205,,innovation,3
206,,19th,3
207,,Find,3
208,,space,3
209,,need,3
210,,online,3
211,,zkEVM,3
212,,open,3
213,,CDK,3
214,,series,3
215,,featuring,3
216,,game,3
217,,join,3
218,,proud,3
219,,call,3
220,,gm,3
221,,Larry,3
222,,Institutions,3
223,,already,3
224,,Explore,3
225,,everyone,3
226,,ETH,3
227,,Trading,3
228,,worth,3
229,,tweet,3
230,,Aptos,3
231,,lucky,3
232,,drop,3
233,,liquidity,3
234,,pairs,3
235,,portfolio,3
236,,farming,3
237,,OAT,3
238,,MantaNetwork,3
239,,Arbitrum,3
240,,meetup,3
241,,major,3
242,,social,3
243,,things,3
244,,adventure,3
245,,participants,3
246,,Astronauts,3
247,,right,3
248,,partners,3
249,,ZETA,3
250,,available,3
251,,help,3
252,,want,3
253,,launch,3
254,,ET,3
255,,population,3
256,,large,3
257,,come,3
258,,taking,3
259,,following,3
260,,yesterday,3
261,,btc,3
262,,though,3
263,,years,3
264,,Spirit,3
265,,upgrade,3
266,,upgraded,3
267,,Protocol,3
268,,Congratulations,2
269,,achievement,2
270,,achieved,2
271,,火币HTX所有服务已经恢复,2
272,,感谢您的关心与支持,2
273,,所有资金都是安全的,2
274,,restored,2
275,,concern,2
276,,version,2
277,,individual,2
278,,supports,2
279,,different,2
280,,professional,2
281,,Cloud,2
282,,Embracing,2
283,,Together,2
284,,Metric,2
285,,perfect,2
286,,Migration,2
287,,Security,2
288,,dApps,2
289,,least,2
290,,transaction,2
291,,count,2
292,,Time,2
293,,almost,2
294,,tomorrow,2
295,,thread,2
296,,Last,2
297,,Catch,2
298,,enable,2
299,,details,2
300,,Beacon,2
301,,Fusion,2
302,,Roadmap,2
303,,Discover,2
304,,Greenfield,2
305,,creative,2
306,,cases,2
307,,storage,2
308,,looking,2
309,,interest,2
310,,headed,2
311,,stretch,2
312,,fantastic,2
313,,power,2
314,,network,2
315,,resources,2
316,,lead,2
317,,using,2
318,,away,2
319,,CHAIN,2
320,,everything,2
321,,ahead,2
322,,Tech,2
323,,Name,2
324,,keep,2
325,,native,2
326,,prize,2
327,,pool,2
328,,content,2
329,,related,2
330,,Exciting,2
331,,Service,2
332,,date,2
333,,Workshop,2
334,,Tracks,2
335,,BNBChainHackathon2024,2
336,,Future,2
337,,Asset,2
338,,submit,2
339,,application,2
340,,Martian,2
341,,leaders,2
342,,start,2
343,,bright,2
344,,Element_Market,2
345,,Builders,2
346,,access,2
347,,supercharge,2
348,,level,2
349,,experience,2
350,,00pm,2
351,,Register,2
352,,opportunities,2
353,,transactions,2
354,,fees,2
355,,EFNextBillion,2
356,,finalized,2
357,,wave,2
358,,Introducing,2
359,,Wallet,2
360,,users,2
361,,largest,2
362,,layer,2
363,,ZK,2
364,,rollup,2
365,,brings,2
366,,speed,2
367,,Tokenization,2
368,,got,2
369,,started,2
370,,institutional,2
371,,trading,2
372,,night,2
373,,Thursday,2
374,,First,2
375,,multi,2
376,,panel,2
377,,something,2
378,,scaling,2
379,,solutions,2
380,,BLOCKLORDS,2
381,,ALERT,2
382,,Epic,2
383,,Journey,2
384,,around,2
385,,Hypr,2
386,,Network,2
387,,0xPolygon,2
388,,ETF,2
389,,stepping,2
390,,stones,2
391,,include,2
392,,winners,2
393,,Prediction,2
394,,Launch,2
395,,INU,2
396,,Competition,2
397,,participate,2
398,,Follow,2
399,,based,2
400,,LP,2
401,,holding,2
402,,kickstart,2
403,,Happy,2
404,,path,2
405,,Feel,2
406,,Swap,2
407,,farm,2
408,,Please,2
409,,note,2
410,,may,2
411,,th,2
412,,Updates,2
413,,STORM_Partners,2
414,,official,2
415,,results,2
416,,1inchHW,2
417,,WEF2024,2
418,,Davos,2
419,,vital,2
420,,aggregator,2
421,,Hey,2
422,,love,2
423,,arbitrum,2
424,,DAO,2
425,,Initiation,2
426,,complete,2
427,,miss,2
428,,fam,2
429,,decentralization,2
430,,choice,2
431,,making,2
432,,Weekly,2
433,,Stats,2
434,,swaps,2
435,,Reminder,2
436,,founder,2
437,,Beta,2
438,,securing,2
439,,Shop,2
440,,GAL,2
441,,among,2
442,,claim,2
443,,xdefi_wallet,2
444,,zetablockchain,2
445,,Complete,2
446,,Connect,2
447,,exclusive,2
448,,GalxeOAT,2
449,,Sign,2
450,,rWFk6zP6ap,2
451,,OP,2
452,,Claim,2
453,,eligible,2
454,,campaigns,2
455,,tech,2
456,,Twitter,2
457,,staking,2
458,,yield,2
459,,better,2
460,,stop,2
461,,recent,2
462,,end,2
463,,standards,2
464,,Build,2
465,,Decubate,2
466,,Q2,2
467,,trade,2
468,,Proof,2
469,,mode,2
470,,EIP,2
471,,drastically,2
472,,left,2
473,,watch,2
474,,Unfettered,2
475,,character,2
476,,let,2
477,,5th,2
478,,Full,2
479,,vid,2
480,,Mendi,2
481,,plan,2
482,,holders,2
483,,follow,2
484,,India,2
485,,Bangalore,2
486,,Dencun,2
487,,tH21oe9SgP,2
488,,dates,2
489,,inscriptions,2
490,,big,2
491,,pools,2
492,,celebrate,2
493,,Waypoint,2
494,,events,2
495,,growing,2
496,,often,2
497,,Think,2
498,,consolidation,2
499,,sol,2
500,,mid,2
501,,half,2
502,,halving,2
503,,top,2
504,,inflows,2
505,,go,2
506,,took,2
507,,really,2
508,,Nurse,2
509,,Man,2
510,,P,2
511,,stocks,2
512,,TradFi,2
513,,Airlines,2
514,,Total,2
515,,BuildWithScroll,2
516,,highlight,2
517,,00AM,2
518,,joined,2
519,,months,2
520,,MariaShen,2
521,,ElectricCapital,2
522,,Members,2
523,,RollCall,2
524,,industry,2
525,,design,2
526,,entries,2
527,,Place,2
528,,scRoll,2
529,,NIFTY,2
530,,ISLAND,2
531,,MINT,2
532,,LIVE,2
533,,Digi,2
534,,Chibi,2
535,,Starter,2
536,,WINNERS,2
537,,SELECTED,2
538,,REGISTRATION,2
539,,CLOSING,2
540,,Sepolia,2
541,,Testnet,2
542,,Upgrade,2
543,,circulation,1
544,,exceeding,1
545,,Everyone,1
546,,made,1
547,,contribution,1
548,,goal,1
549,,issuing,1
550,,stablecoins,1
551,,paoloardoino,1
552,,Tether_to,1
553,,X7d3zm4EAE,1
554,,Link,1
555,,nOA7gQx3pC,1
556,,人民交易所屹立不倒,1
557,,火币HTX被DDOS攻击,1
558,,我们预计会在数十分钟内恢复服务,1
559,,用户资产都是安全的,1
560,,attacked,1
561,,DDoS,1
562,,expect,1
563,,restore,1
564,,tens,1
565,,elonmusk,1
566,,Better,1
567,,serving,1
568,,diplomatic,1
569,,ambassador,1
570,,international,1
571,,institutions,1
572,,UN,1
573,,WTO,1
574,,deeply,1
575,,aware,1
576,,importance,1
577,,global,1
578,,cooperation,1
579,,education,1
580,,knowledge,1
581,,particularly,1
582,,wholeheartedly,1
583,,proposal,1
584,,United,1
585,,Nations,1
586,,views,1
587,,facts,1
588,,handling,1
589,,methods,1
590,,refer,1
591,,report,1
592,,LF4ovqwKnK,1
593,,火币一姐冲出亚洲了,1
594,,Pleased,1
595,,partnership,1
596,,mainstream,1
597,,HTX_Global,1
598,,News,1
599,,HTX,1
600,,directs,1
601,,platform,1
602,,revenue,1
603,,towards,1
604,,HTXDAO,1
605,,term,1
606,,optimism,1
607,,trondao,1
608,,stronger,1
609,,weekly,1
610,,bxBo645GXb,1
611,,website,1
612,,contact,1
613,,Visit,1
614,,Developer,1
615,,Programs,1
616,,Safety,1
617,,Resources,1
618,,09vyS2zVXN,1
619,,zVYFiL0T2w,1
620,,Across,1
621,,listed,1
622,,million,1
623,,active,1
624,,completed,1
625,,marking,1
626,,uptick,1
627,,user,1
628,,trend,1
629,,CryptoAmb,1
630,,CaRMAnpmVH,1
631,,Enter,1
632,,MVB,1
633,,VII,1
634,,giveaway,1
635,,swag,1
636,,package,1
637,,Details,1
638,,secret,1
639,,success,1
640,,6rXECaIxHq,1
641,,fascinating,1
642,,discussing,1
643,,qnaweb3,1
644,,NetworkMeson,1
645,,discover,1
646,,creates,1
647,,real,1
648,,evolving,1
649,,plans,1
650,,prepared,1
651,,reading,1
652,,YZMS8dguk4,1
653,,deRLSU9lJl,1
654,,GBMauction,1
655,,leveraging,1
656,,Bid,1
657,,auctions,1
658,,pioneering,1
659,,decentralized,1
660,,Start,1
661,,8hqEQJXViC,1
662,,developing,1
663,,star,1
664,,Fill,1
665,,reach,1
666,,siRe2WAKV5,1
667,,6qHiG8WZI9,1
668,,tq5xECtZ7g,1
669,,asked,1
670,,Chain_GPT,1
671,,explain,1
672,,meets,1
673,,tangible,1
674,,distributed,1
675,,centers,1
676,,facilities,1
677,,ensuring,1
678,,secure,1
679,,censorship,1
680,,resistant,1
681,,bbYXFtrWa4,1
682,,aims,1
683,,outlines,1
684,,purpose,1
685,,works,1
686,,Plus,1
687,,role,1
688,,Unlock,1
689,,festive,1
690,,vibes,1
691,,450k,1
692,,Giveaway,1
693,,shot,1
694,,Seize,1
695,,leaderboard,1
696,,unveil,1
697,,5ESSXfVIGV,1
698,,NEWS,1
699,,RETURNS,1
700,,catch,1
701,,DePinChallenge,1
702,,Entering,1
703,,2y4sbHlBWN,1
704,,destined,1
705,,glory,1
706,,iju9IQeCIb,1
707,,AIOZNetwork,1
708,,forward,1
709,,thinking,1
710,,worldwide,1
711,,SocialFi,1
712,,0x_hourglass,1
713,,Hourglass,1
714,,enables,1
715,,agnostic,1
716,,trustless,1
717,,stablecoin,1
718,,conversion,1
719,,books,1
720,,synchronized,1
721,,LayerZero,1
722,,chance,1
723,,enter,1
724,,21st,1
725,,contributing,1
726,,insightful,1
727,,original,1
728,,KUpjFaBp94,1
729,,Node,1
730,,Engine,1
731,,officially,1
732,,HashDit,1
733,,Telegram,1
734,,channel,1
735,,Hackathon,1
736,,Deep,1
737,,QCLRGGnwcF,1
738,,Await,1
739,,Unveiling,1
740,,Protocols,1
741,,Comprehensive,1
742,,Exploration,1
743,,dego_finance,1
744,,Practice,1
745,,Real,1
746,,Applications,1
747,,Insights,1
748,,myshell_ai,1
749,,M2xRuAeRqe,1
750,,become,1
751,,recruiting,1
752,,Apply,1
753,,career,1
754,,7Li6OtUEzf,1
755,,NeguTYwYrU,1
756,,GameFi,1
757,,burn,1
758,,G,1
759,,Magic,1
760,,Acceleration,1
761,,games,1
762,,apply,1
763,,performing,1
764,,ozjizxn8CE,1
765,,Ready,1
766,,deep,1
767,,Infrastructure,1
768,,Gaming,1
769,,DeSoc,1
770,,DeSci,1
771,,promise,1
772,,creativity,1
773,,thrilling,1
774,,coding,1
775,,OsBfaQ1XVK,1
776,,hackathon,1
777,,9xlVLC39zf,1
778,,Incredible,1
779,,await,1
780,,World,1
781,,Store,1
782,,joinmirrorworld,1
783,,registered,1
784,,greatest,1
785,,increase,1
786,,L2s,1
787,,leverage,1
788,,offerings,1
789,,r7MebPzIvD,1
790,,wbvDC9syGA,1
791,,draw,1
792,,performers,1
793,,Mdextech,1
794,,Layer,1
795,,solution,1
796,,Using,1
797,,enjoy,1
798,,super,1
799,,fast,1
800,,ultra,1
801,,low,1
802,,r7MebPAglb,1
803,,Pssst,1
804,,Writing,1
805,,Fellowship,1
806,,submission,1
807,,ha,1
808,,parithosh_j,1
809,,goerli,1
810,,fork,1
811,,LIa3d4Ml5H,1
812,,fix,1
813,,patched,1
814,,validators,1
815,,came,1
816,,Empowering,1
817,,zkBuilder,1
818,,Grants,1
819,,fund,1
820,,bootstrap,1
821,,gears,1
822,,March,1
823,,miCt1fRiPa,1
824,,Psycheout86,1
825,,Massive,1
826,,Ronin,1
827,,Eth,1
828,,BSC,1
829,,retaining,1
830,,rule,1
831,,narrative,1
832,,comes,1
833,,BlockInvest,1
834,,announcing,1
835,,key,1
836,,NPE,1
837,,initiatives,1
838,,built,1
839,,PoS,1
840,,aim,1
841,,distressed,1
842,,credit,1
843,,markets,1
844,,Italy,1
845,,integration,1
846,,NEARProtocol,1
847,,DA,1
848,,marks,1
849,,significant,1
850,,milestone,1
851,,affordability,1
852,,reliability,1
853,,forefront,1
854,,Spotlight,1
855,,Series,1
856,,highlighting,1
857,,spearheading,1
858,,trillion,1
859,,installment,1
860,,dives,1
861,,background,1
862,,librecap,1
863,,unlocking,1
864,,adoption,1
865,,automated,1
866,,compliance,1
867,,avtarsehra,1
868,,5rWibrIH1t,1
869,,interview,1
870,,five,1
871,,RWAs,1
872,,eyes,1
873,,peeled,1
874,,password,1
875,,hidden,1
876,,spotlight,1
877,,PHkTnUT1mr,1
878,,Live,1
879,,discord,1
880,,WeArePlanetMojo,1
881,,Hop,1
882,,5jqQcmu0Gc,1
883,,QuickswapDEX,1
884,,ordinals,1
885,,hot,1
886,,scene,1
887,,kicking,1
888,,storm,1
889,,deets,1
890,,JPEG,1
891,,art,1
892,,PolygonCommons,1
893,,getting,1
894,,ready,1
895,,MOJO,1
896,,ethswarm,1
897,,step,1
898,,0xPolygonLabs,1
899,,Joining,1
900,,forces,1
901,,introducing,1
902,,0xPolygonID,1
903,,conversation,1
904,,Identity,1
905,,organized,1
906,,ID,1
907,,walt_id,1
908,,Led,1
909,,experts,1
910,,Labs,1
911,,selected,1
912,,Tokenized,1
913,,Coalition,1
914,,TAC,1
915,,TACoalition,1
916,,many,1
917,,members,1
918,,vision,1
919,,fair,1
920,,transparent,1
921,,financial,1
922,,system,1
923,,grade,1
924,,hiutaVhqzW,1
925,,NEW,1
926,,VIDEO,1
927,,Celebrating,1
928,,humble,1
929,,beginnings,1
930,,milestones,1
931,,bkcIoa8U4I,1
932,,DNum6DHeVx,1
933,,Gather,1
934,,hypr_network,1
935,,tapping,1
936,,customizability,1
937,,focused,1
938,,utilize,1
939,,CelestiaOrg,1
940,,throughput,1
941,,X79gxePcEY,1
942,,TheTieIO,1
943,,State,1
944,,Blockchain,1
945,,break,1
946,,polygon_onchain,1
947,,Moonveil,1
948,,Studio,1
949,,Moonveil_Studio,1
950,,library,1
951,,includes,1
952,,immersive,1
953,,tower,1
954,,alpha,1
955,,beyond,1
956,,CT,1
957,,Add,1
958,,ways,1
959,,landmark,1
960,,approvals,1
961,,toward,1
962,,CEO,1
963,,Fink,1
964,,said,1
965,,Friday,1
966,,CNBC,1
967,,networks,1
968,,leading,1
969,,Brevan,1
970,,Howard,1
971,,Hamilton,1
972,,Lane,1
973,,1yT1BM0QaO,1
974,,Guests,1
975,,juanr3l,1
976,,cryptoJimmyL,1
977,,MaxZhgx,1
978,,0xRhic,1
979,,0xkatz,1
980,,coolhorsegirl2,1
981,,harshrajat,1
982,,muskan_kalra24,1
983,,aliciakatz,1
984,,NTBro,1
985,,marouen19,1
986,,Access,1
987,,anytime,1
988,,diverse,1
989,,products,1
990,,oBrhgmOeqf,1
991,,BNBCHAIN,1
992,,Panc,1
993,,zkSync,1
994,,celebratory,1
995,,campaign,1
996,,winning,1
997,,addresses,1
998,,lNdcyR1P8f,1
999,,Thanks,1
1000,,participated,1
1001,,Use,1
1002,,predict,1
1003,,price,1
1004,,Spread,1
1005,,Word,1
1006,,guiinuonaptos,1
1007,,repost,1
1008,,tag,1
1009,,Guiinu,1
1010,,Quote,1
1011,,RboeY0AoXM,1
1012,,INUTrading,1
1013,,Campaign,1
1014,,Duration,1
1015,,26th,1
1016,,Trade,1
1017,,pair,1
1018,,Top,1
1019,,traders,1
1020,,1J3E06EGwm,1
1021,,AmnisFinance,1
1022,,Farms,1
1023,,dual,1
1024,,incentives,1
1025,,Stake,1
1026,,amAPT,1
1027,,stAPT,1
1028,,FmD3Vffkfz,1
1029,,APR,1
1030,,increases,1
1031,,C0zhQ004hL,1
1032,,hottest,1
1033,,gems,1
1034,,insights,1
1035,,trending,1
1036,,farms,1
1037,,txwZlLhecW,1
1038,,heRtymN54Z,1
1039,,Birthday,1
1040,,easiest,1
1041,,SWAP,1
1042,,Best,1
1043,,rates,1
1044,,smooth,1
1045,,YZLnvc3yjW,1
1046,,updated,1
1047,,fixed,1
1048,,issues,1
1049,,credentials,1
1050,,prompt,1
1051,,feedback,1
1052,,PCSAmbassadors,1
1053,,cake,1
1054,,Quest,1
1055,,BkQ0Lb87Rr,1
1056,,Got,1
1057,,answer,1
1058,,Mastery,1
1059,,Newbies,1
1060,,WrJ3MV1BkM,1
1061,,Pros,1
1062,,zFZSoIyD2H,1
1063,,tackle,1
1064,,vpZcuNjyLt,1
1065,,warm,1
1066,,MANTA,1
1067,,yYyCtv9F4a,1
1068,,U8Vuijc6qr,1
1069,,overnight_fi,1
1070,,smell,1
1071,,awesome,1
1072,,tasty,1
1073,,yields,1
1074,,Starting,1
1075,,epoch,1
1076,,initiating,1
1077,,brib,1
1078,,ℹ,1
1079,,number,1
1080,,subject,1
1081,,various,1
1082,,external,1
1083,,factors,1
1084,,match,1
1085,,ChainstackHQ,1
1086,,confident,1
1087,,ongoing,1
1088,,Chainstack,1
1089,,continue,1
1090,,drive,1
1091,,mutual,1
1092,,redefine,1
1093,,1inchWeeklyRecap,1
1094,,integrations,1
1095,,became,1
1096,,1inchDAO,1
1097,,legal,1
1098,,counsel,1
1099,,voting,1
1100,,presented,1
1101,,Events,1
1102,,road,1
1103,,gIKYd0tEzL,1
1104,,deacix,1
1105,,hosseeb,1
1106,,Hi,1
1107,,Haseeb,1
1108,,roundup,1
1109,,overlooked,1
1110,,contributor,1
1111,,1inchFam,1
1112,,absolutely,1
1113,,staying,1
1114,,connected,1
1115,,media,1
1116,,Btw,1
1117,,Instagram,1
1118,,UqfuaTvRxI,1
1119,,Threads,1
1120,,vDNLNxlNJw,1
1121,,CoinMarketCap,1
1122,,JEmZdATpnf,1
1123,,wherever,1
1124,,prefer,1
1125,,PmxJPxeg5E,1
1126,,AethirCloud,1
1127,,Buffer_Finance,1
1128,,FactorDAO,1
1129,,PikeFinance,1
1130,,gitcoin,1
1131,,zLvwx4gtEj,1
1132,,set,1
1133,,stir,1
1134,,Tide_web3,1
1135,,Sprint,1
1136,,ARB,1
1137,,IH4WO9H1Tl,1
1138,,qzBz1MNg0b,1
1139,,Lightning,1
1140,,strikes,1
1141,,twice,1
1142,,Thrilled,1
1143,,revolution,1
1144,,groundbreaking,1
1145,,strides,1
1146,,CjGofzAWxE,1
1147,,changes,1
1148,,shown,1
1149,,parentheses,1
1150,,1inchFusion,1
1151,,41B,1
1152,,58M,1
1153,,13M,1
1154,,36K,1
1155,,64K,1
1156,,59K,1
1157,,53B,1
1158,,LaOzspmCEf,1
1159,,DappRadar,1
1160,,GM,1
1161,,spaces,1
1162,,3PM,1
1163,,Hosts,1
1164,,saragher22,1
1165,,pake012,1
1166,,Speakers,1
1167,,abandeali1,1
1168,,CTO,1
1169,,Co,1
1170,,0xProje,1
1171,,Gm,1
1172,,Resolution,1
1173,,goals,1
1174,,dreams,1
1175,,Sound,1
1176,,comments,1
1177,,everyday,1
1178,,life,1
1179,,Comment,1
1180,,tool,1
1181,,Yep,1
1182,,heard,1
1183,,impactful,1
1184,,Pre,1
1185,,testing,1
1186,,iOMQ72euoQ,1
1187,,EhZBtXk1WE,1
1188,,buckle,1
1189,,WalletConnect,1
1190,,gearing,1
1191,,Web3Inbox,1
1192,,release,1
1193,,notifications,1
1194,,subscribe,1
1195,,aMXuoGVfee,1
1196,,MW3,1
1197,,Module,1
1198,,putting,1
1199,,keys,1
1200,,hands,1
1201,,Quantstamp,1
1202,,protectmywallet,1
1203,,iCch6wKuPQ,1
1204,,jcyGPXRGis,1
1205,,Waitlist,1
1206,,Alert,1
1207,,powered,1
1208,,ShopMoso,1
1209,,shopping,1
1210,,sign,1
1211,,store,1
1212,,yf4r4AkkEp,1
1213,,AWl2yM6Bhj,1
1214,,charleswayn,1
1215,,biggest,1
1216,,gain,1
1217,,season,1
1218,,Congrats,1
1219,,XAI_GAMES,1
1220,,alt_layer,1
1221,,W,1
1222,,wondered,1
1223,,digital,1
1224,,reputation,1
1225,,Score,1
1226,,forget,1
1227,,Soulbound,1
1228,,Festival,1
1229,,hqgOIA8sKQ,1
1230,,DIqIqg7MfQ,1
1231,,airdrop,1
1232,,XDEFI,1
1233,,ZetaZone,1
1234,,Wanna,1
1235,,snag,1
1236,,ForbesWeb3,1
1237,,Digital,1
1238,,Assets,1
1239,,premium,1
1240,,unlock,1
1241,,whole,1
1242,,rWPWvAJ5lx,1
1243,,Meeting,1
1244,,Vitalik,1
1245,,jumping,1
1246,,lightning,1
1247,,Optimism,1
1248,,RetroPGF,1
1249,,Initiative,1
1250,,granted,1
1251,,cheers,1
1252,,stellar,1
1253,,wzCLgpDiU8,1
1254,,7QoezAWqWA,1
1255,,massive,1
1256,,70K,1
1257,,Become,1
1258,,acquiring,1
1259,,completing,1
1260,,collect,1
1261,,prizes,1
1262,,fDLmJTqtx0,1
1263,,Chains,1
1264,,JLOiJWoorw,1
1265,,latchwallet,1
1266,,Latch,1
1267,,Tester,1
1268,,pioneers,1
1269,,defining,1
1270,,smart,1
1271,,accounts,1
1272,,embark,1
1273,,Space,1
1274,,hinkal_protocol,1
1275,,6am,1
1276,,Set,1
1277,,reminder,1
1278,,c3BjiO57MS,1
1279,,privacy,1
1280,,private,1
1281,,favourite,1
1282,,provision,1
1283,,1bzfKbZ0ku,1
1284,,niftynathang,1
1285,,rebuilding,1
1286,,traditional,1
1287,,mitche50,1
1288,,reason,1
1289,,protocols,1
1290,,Approvals,1
1291,,insecure,1
1292,,hard,1
1293,,safer,1
1294,,used,1
1295,,correctly,1
1296,,drains,1
1297,,ERC20,1
1298,,released,1
1299,,FREE,1
1300,,OPEN,1
1301,,SOURCE,1
1302,,sounding,1
1303,,yTg8LYcSeo,1
1304,,Love,1
1305,,energy,1
1306,,Starkware,1
1307,,YO1WnyHLTp,1
1308,,CryptoLink_Tech,1
1309,,cutting,1
1310,,edge,1
1311,,cross,1
1312,,setting,1
1313,,Developers,1
1314,,bridges,1
1315,,Omnichain,1
1316,,lending,1
1317,,Messaging,1
1318,,custom,1
1319,,applications,1
1320,,Crypto,1
1321,,natives,1
1322,,OxPPL,1
1323,,app,1
1324,,block,1
1325,,explorer,1
1326,,tracker,1
1327,,trades,1
1328,,degens,1
1329,,0xScope,1
1330,,company,1
1331,,tools,1
1332,,kdnxrdaU2r,1
1333,,0xScopeScan,1
1334,,amplify,1
1335,,launchpad,1
1336,,work,1
1337,,capable,1
1338,,touch,1
1339,,zkLink_Official,1
1340,,Expand,1
1341,,Features,1
1342,,APIs,1
1343,,Auction,1
1344,,Market,1
1345,,hybrid,1
1346,,AMM,1
1347,,known,1
1348,,proto,1
1349,,danksharding,1
1350,,reduce,1
1351,,cost,1
1352,,posting,1
1353,,mainnet,1
1354,,blobs,1
1355,,SEUcdYW4uG,1
1356,,Humanity,1
1357,,LXP,1
1358,,Gear,1
1359,,adventurers,1
1360,,epic,1
1361,,XLP,1
1362,,rewarded,1
1363,,w,1
1364,,unfetteredgame,1
1365,,9am,1
1366,,formidable,1
1367,,bosses,1
1368,,Save,1
1369,,action,1
1370,,dXANdIZzax,1
1371,,Exclusive,1
1372,,specially,1
1373,,created,1
1374,,Limited,1
1375,,supply,1
1376,,grab,1
1377,,unveils,1
1378,,Liane,1
1379,,exclusively,1
1380,,lifetime,1
1381,,burning,1
1382,,questions,1
1383,,AMA,1
1384,,Reply,1
1385,,queries,1
1386,,unfold,1
1387,,4qHDfZq5HT,1
1388,,Pakistan,1
1389,,median,1
1390,,age,1
1391,,arzishazam,1
1392,,talks,1
1393,,young,1
1394,,prime,1
1395,,ground,1
1396,,emerging,1
1397,,FutureFestPK,1
1398,,OolaufDiAa,1
1399,,nrl2V69AXH,1
1400,,hang,1
1401,,announced,1
1402,,decentralize,1
1403,,advise,1
1404,,protocol,1
1405,,establish,1
1406,,give,1
1407,,decision,1
1408,,ICYMI,1
1409,,DesigLabs,1
1410,,replay,1
1411,,Jr8502PelO,1
1412,,farcaster_xyz,1
1413,,Give,1
1414,,plz,1
1415,,ac10Opf2em,1
1416,,Bike,1
1417,,Sharing,1
1418,,IoTeX,1
1419,,EyTAgSvufZ,1
1420,,Alyasa,1
1421,,lumoslabsHQ,1
1422,,dishes,1
1423,,culture,1
1424,,engineering,1
1425,,means,1
1426,,dfisg8ir4D,1
1427,,aX9lQlWx3v,1
1428,,Lyve,1
1429,,Finance,1
1430,,Lots,1
1431,,Excited,1
1432,,witness,1
1433,,another,1
1434,,HopProtocol,1
1435,,named,1
1436,,continuing,1
1437,,Want,1
1438,,Carpenter,1
1439,,marketplace,1
1440,,docs,1
1441,,carp,1
1442,,showcase,1
1443,,fun,1
1444,,veCAKE,1
1445,,empower,1
1446,,increased,1
1447,,governance,1
1448,,influence,1
1449,,stakers,1
1450,,Announcing,1
1451,,IRL,1
1452,,Waypoints,1
1453,,gas,1
1454,,celebrating,1
1455,,KKigywyUjx,1
1456,,eye,1
1457,,v4QrHPLtz7,1
1458,,page,1
1459,,locations,1
1460,,scalability,1
1461,,30PM,1
1462,,IST,1
1463,,lumoslabshq,1
1464,,metis,1
1465,,impulses,1
1466,,moves,1
1467,,underestimate,1
1468,,axis,1
1469,,lose,1
1470,,gains,1
1471,,chart,1
1472,,nothing,1
1473,,bias,1
1474,,Consolidation,1
1475,,correction,1
1476,,SOL,1
1477,,play,1
1478,,squiggly,1
1479,,bounced,1
1480,,somewhere,1
1481,,Even,1
1482,,area,1
1483,,ZtPFn4gCSA,1
1484,,fwiw,1
1485,,eco,1
1486,,mean,1
1487,,accumulate,1
1488,,Went,1
1489,,Expect,1
1490,,higher,1
1491,,sometime,1
1492,,early,1
1493,,i8fJVHlGyi,1
1494,,BEAM,1
1495,,well,1
1496,,month,1
1497,,200k,1
1498,,burned,1
1499,,165k,1
1500,,vertical,1
1501,,wonder,1
1502,,happens,1
1503,,running,1
1504,,DndWaQWUku,1
1505,,Trump,1
1506,,ad,1
1507,,bj5EF1f2Bz,1
1508,,Peng,1
1509,,reveal,1
1510,,750k,1
1511,,Lower,1
1512,,image,1
1513,,YzIFKit9pU,1
1514,,URQwW0cc6q,1
1515,,w0fGW21iFw,1
1516,,sell,1
1517,,sold,1
1518,,underwriting,1
1519,,Barry,1
1520,,unloading,1
1521,,Habibi,1
1522,,Dubai,1
1523,,MHTChn05o8,1
1524,,couple,1
1525,,meet,1
1526,,Europe,1
1527,,dryer,1
1528,,air,1
1529,,conditioner,1
1530,,Sometimes,1
1531,,invite,1
1532,,Europeans,1
1533,,push,1
1534,,buttons,1
1535,,machines,1
1536,,clap,1
1537,,seals,1
1538,,laugh,1
1539,,wholesome,1
1540,,watching,1
1541,,animal,1
1542,,historically,1
1543,,alt,1
1544,,blow,1
1545,,yet,1
1546,,mined,1
1547,,cut,1
1548,,needing,1
1549,,daily,1
1550,,peoples,1
1551,,buy,1
1552,,ath,1
1553,,Hard,1
1554,,college,1
1555,,mom,1
1556,,crack,1
1557,,addict,1
1558,,never,1
1559,,bc,1
1560,,Luckily,1
1561,,grandma,1
1562,,afford,1
1563,,Life,1
1564,,easy,1
1565,,Without,1
1566,,general,1
1567,,pain,1
1568,,tolerance,1
1569,,likely,1
1570,,face,1
1571,,adversity,1
1572,,course,1
1573,,presidencies,1
1574,,sitting,1
1575,,president,1
1576,,anyway,1
1577,,look,1
1578,,20T,1
1579,,market,1
1580,,cap,1
1581,,day,1
1582,,groups,1
1583,,hate,1
1584,,confidently,1
1585,,minds,1
1586,,Boomers,1
1587,,embrace,1
1588,,dare,1
1589,,People,1
1590,,conviction,1
1591,,mind,1
1592,,believed,1
1593,,ups,1
1594,,downs,1
1595,,perform,1
1596,,Alts,1
1597,,makes,1
1598,,highs,1
1599,,tell,1
1600,,son,1
1601,,charts,1
1602,,0pFj5KlljD,1
1603,,found,1
1604,,18m,1
1605,,bitcoin,1
1606,,ledger,1
1607,,forgotten,1
1608,,DMcTde7PkV,1
1609,,lived,1
1610,,winters,1
1611,,worse,1
1612,,bYPCViTG68,1
1613,,Wake,1
1614,,coma,1
1615,,Great,1
1616,,anything,1
1617,,LFACdH29pW,1
1618,,hit,1
1619,,Meme,1
1620,,40k,1
1621,,CEOs,1
1622,,gave,1
1623,,presentations,1
1624,,VqiRt6txKd,1
1625,,natural,1
1626,,beauty,1
1627,,cities,1
1628,,stunning,1
1629,,TwisIVX4UY,1
1630,,Boeing,1
1631,,caught,1
1632,,fire,1
1633,,Miami,1
1634,,DqnzYO77cP,1
1635,,imagine,1
1636,,Franklin,1
1637,,Templeton,1
1638,,intern,1
1639,,ondo,1
1640,,lol,1
1641,,probably,1
1642,,sees,1
1643,,value,1
1644,,much,1
1645,,transacting,1
1646,,significantly,1
1647,,enters,1
1648,,lt,1
1649,,gt,1
1650,,defi,1
1651,,rails,1
1652,,Ondo,1
1653,,btw,1
1654,,tokenized,1
1655,,ETFs,1
1656,,yiz9cWBjkr,1
1657,,SBXU8q27XW,1
1658,,wife,1
1659,,explaining,1
1660,,hedge,1
1661,,manipulate,1
1662,,securities,1
1663,,dark,1
1664,,q25gsClcL8,1
1665,,Guys,1
1666,,setup,1
1667,,cMfRkhv1Zh,1
1668,,knows,1
1669,,mute,1
1670,,QUuooANEO4,1
1671,,activate,1
1672,,slo,1
1673,,TsTHlF9EWW,1
1674,,stock,1
1675,,losing,1
1676,,situation,1
1677,,dire,1
1678,,shareholders,1
1679,,traveling,1
1680,,save,1
1681,,money,1
1682,,1mQwNKp55Z,1
1683,,literally,1
1684,,put,1
1685,,hat,1
1686,,LhoT93gcFD,1
1687,,simply,1
1688,,bet,1
1689,,entire,1
1690,,net,1
1691,,Ants,1
1692,,mate,1
1693,,Michael,1
1694,,Saylor,1
1695,,fighting,1
1696,,4WIMATMahV,1
1697,,EricBalchunas,1
1698,,ddA7Syolmv,1
1699,,rushing,1
1700,,calling,1
1701,,fraud,1
1702,,9W2Cd3jjrU,1
1703,,RedbrickLand,1
1704,,Endurance,1
1705,,0xSpin,1
1706,,Dazzling,1
1707,,Record,1
1708,,connections,1
1709,,players,1
1710,,tran,1
1711,,Scrollers,1
1712,,provide,1
1713,,overview,1
1714,,happening,1
1715,,dive,1
1716,,2Tz1XJ6Q4D,1
1717,,Lastly,1
1718,,published,1
1719,,covered,1
1720,,trackers,1
1721,,DEXs,1
1722,,hope,1
1723,,case,1
1724,,missed,1
1725,,recap,1
1726,,ecos,1
1727,,Office,1
1728,,Hours,1
1729,,thegaram33,1
1730,,dorukismen,1
1731,,core,1
1732,,sharing,1
1733,,insight,1
1734,,roles,1
1735,,EwbxIPwFab,1
1736,,KdLs8k6ZIz,1
1737,,three,1
1738,,Mainnet,1
1739,,According,1
1740,,study,1
1741,,onboarded,1
1742,,Q4,1
1743,,ecosystems,1
1744,,0oITK9AIts,1
1745,,sandyzkp,1
1746,,recognition,1
1747,,fastest,1
1748,,overall,1
1749,,Develo,1
1750,,pseudotheos,1
1751,,developer,1
1752,,room,1
1753,,anon,1
1754,,iSGsJR,1
1755,,attending,1
1756,,monthly,1
1757,,hosted,1
1758,,CarlBeek,1
1759,,adietrichs,1
1760,,credibly,1
1761,,neutral,1
1762,,coordination,1
1763,,aiming,1
1764,,bring,1
1765,,collaborate,1
1766,,ideas,1
1767,,Additional,1
1768,,Requirements,1
1769,,originally,1
1770,,characters,1
1771,,inside,1
1772,,needs,1
1773,,guidelines,1
1774,,Extra,1
1775,,bonus,1
1776,,animated,1
1777,,Submissions,1
1778,,must,1
1779,,submitted,1
1780,,z8KgzhCYO7,1
1781,,Correction,1
1782,,amounts,1
1783,,USD,1
1784,,1st,1
1785,,2nd,1
1786,,required,1
1787,,Rock,1
1788,,meme,1
1789,,bold,1
1790,,Packs,1
1791,,site,1
1792,,MILESTONE,1
1793,,ACHIEVED,1
1794,,reached,1
1795,,Welco,1
1796,,todaythegame,1
1797,,Genuinely,1
1798,,supportive,1
1799,,generous,1
1800,,altruistic,1
1801,,worked,1
1802,,Nothing,1
1803,,respect,1
1804,,Fre,1
1805,,cesspool,1
1806,,LARPing,1
1807,,cynicism,1
1808,,idolatry,1
1809,,Limit,1
1810,,Break,1
1811,,shine,1
1812,,beacon,1
1813,,noble,1
1814,,aesthetic,1
1815,,authenticity,1
1816,,unmatched,1
1817,,non,1
1818,,stream,1
1819,,finest,1
1820,,banger,1
1821,,drafts,1
1822,,TodayTheGame,1
1823,,GENESIS,1
1824,,ANCIENT,1
1825,,SEEDS,1
1826,,IMPORTANT,1
1827,,Nifty_Island,1
1828,,Pack,1
1829,,SOON,1
1830,,Today,1
1831,,Good,1
1832,,enjoyooors,1
1833,,upcoming,1
1834,,Double,1
1835,,Dose,1
1836,,Drive,1
1837,,KC6SAr13ZG,1
1838,,Citizens,1
1839,,Feb,1
1840,,Snapshot,1
1841,,hits,1
1842,,Armory,1
1843,,sure,1
1844,,process,1
1845,,irreversible,1
1846,,Z772SzHZCc,1
1847,,wZIcQ3JOFt,1
1848,,Purchase,1
1849,,successfully,1
1850,,marketplaces,1
1851,,mintleapp,1
1852,,single,1
1853,,allocation,1
1854,,max,1
1855,,per,1
1856,,multiple,1
1857,,respective,1
1858,,ones,1
1859,,spot,1
1860,,bidding,1
1861,,ckS5xLXeNT,1
1862,,300K,1
1863,,capacity,1
1864,,mark,1
1865,,APY,1
1866,,311K,1
1867,,staked,1
1868,,LSP,1
1869,,double,1
1870,,dose,1
1871,,VnSquaRqEx,1
1872,,G1mdKLewQu,1
1873,,Bybit_Official,1
1874,,collab,1
1875,,OndoFinance,1
1876,,Bybit,1
1877,,Spot,1
1878,,ix1wVHrxiu,1
1879,,5rHL7xjzCC,1
1880,,RIquNTfjcq,1
1881,,folks,1
1882,,VBpdZ0N2L7,1
1883,,Speed,1
1884,,highlights,1
1885,,prep,1
1886,,v2,1
1887,,bringing,1
1888,,Seamless,1
1889,,Compatibility,1
1890,,Stack,1
1891,,Bedrock,1
1892,,Native,1
1893,,Tokens,1
1894,,Meta,1
1895,,Transactions,1
1896,,Fee,1
1897,,Optimization,1
1898,,Strategy,1
1899,,gFEvyIeHtK,1
1900,,Season,1
1901,,Alpha,1
1902,,ENDS,1
1903,,move,1
1904,,meantime,1
1905,,sit,1
1906,,tight,1
1907,,wait,1
1908,,announcement,1
1909,,5CelWHlztr,1
1910,,Public,1
1911,,Liaison,1
1912,,IgneusTerrenus,1
1913,,L1,1
1914,,vs,1
1915,,debate,1
1916,,WCF_2030,1
1917,,MantleinDavos,1
1918,,icKxLJTLg2,1
1919,,Deployed,1
1920,,Inception,1
1921,,10M,1
1922,,committed,1
1923,,fresh,1
1924,,funding,1
1925,,six,1
1926,,MerchantMoe_xyz,1
1927,,InitCapital_,1
1928,,butterexchange,1
1929,,RenzoProtocol,1
1930,,Mufex_Official,1
1931,,TsunamiFinance_,1
1932,,prkqG1WqVS,1
1933,,Mirana,1
1934,,Ventures,1
1935,,second,1
1936,,capital,1
1937,,30M,1
1938,,accordance,1
1939,,MIP,1
1940,,invest,1
1941,,Merchant,1
1942,,Moe,1
1943,,INIT,1
1944,,Capital,1
1945,,Butter,1
1946,,Renzo,1
1947,,MUFEX,1
1948,,integrating,1
1949,,bolstering,1
1950,,status,1
1951,,powerhouse,1
